id,trade,area,how_to_check,finding,rating,recommend,pricebook_code,member_price,standard_price,customer_message,who_can_check
PI-01,Plumbing,Water heater,"Read age from serial/label; look at tank base, fittings, pan","Water leaking from the tank itself, or rusty water from the tank",RED,Replace water heater,PL-151,1495,1595,The tank is failing — leaks get worse fast and can flood the basement.,Any trained tech
PI-02,Plumbing,Water heater,Same,Gas tank 12+ years old (no leak),ORANGE,Replace water heater,PL-151,1495,1595,Most gas tanks last 8–12 years. Replacing on your schedule avoids an emergency.,Any trained tech
PI-03,Plumbing,Water heater,Same,"Gas tank 10–12 years old, rust on fittings, or popping/rumbling noise",YELLOW,Budget for replacement; flush now,PL-150,0,185,Getting near end of life. A flush can extend it; plan for replacement.,Any trained tech
PI-04,Plumbing,Water heater,Same,"Under 10 years, no rust, quiet",GREEN,No action,,,,In good shape.,Any trained tech
PI-05,Plumbing,Water heater,Look at T&P valve and discharge pipe,"T&P valve dripping, or discharge pipe missing/too short",ORANGE,Repair T&P / add discharge pipe,Quote,Quote,Quote,The safety valve needs attention to protect against over-pressure.,Any trained tech
PI-06,Plumbing,Water heater (gas),Look at draft hood/vent; smell for gas; scorch marks,"Scorching at burner, vent disconnected, or gas smell",RED,Shut off and repair today,Quote,Quote,Quote,Safety risk (carbon monoxide or gas). We need to fix this before it runs again.,Any trained tech
PI-07,Plumbing,Water pressure,Gauge on a hose bib,Over 80 psi (over 100 = RED),ORANGE,Replace pressure-reducing valve,PL-141,520,610,"High pressure wears out faucets, toilets and the water heater early.",Any trained tech
PI-08,Plumbing,Main shut-off,Locate and turn the valve gently,Valve seized or leaks when turned,YELLOW,Replace main shut-off,Quote,Quote,Quote,In an emergency you need to be able to shut the water off.,Any trained tech
PI-09,Plumbing,Faucets,Run every faucet hot and cold; look at spout and handles,Steady drip or handle leak,ORANGE,Replace cartridge (shower) or faucet,PL-132,235,275,A drip wastes water and gets worse; a cartridge usually fixes it.,Any trained tech
PI-10,Plumbing,Faucets,Same,"Faucet 15+ years old with drip, low flow or corrosion",YELLOW,Replace faucet,PL-130,265,310,Old faucets are cheaper to replace than to keep repairing.,Any trained tech
PI-11,Plumbing,Under sinks,Look under every sink with a flashlight; feel supply lines,"Active leak, water stain that is wet, or swollen cabinet floor",RED,Repair leak now,PL-140,155,180,Leaks under a sink damage cabinets and floors quickly.,Any trained tech
PI-12,Plumbing,Under sinks,Same,"Corroded or crusty angle stops, or old braided lines (10+ yrs)",ORANGE,Replace angle stops / supply lines,PL-140,155,180,These parts fail without warning; replacing them is cheap insurance.,Any trained tech
PI-13,Plumbing,Toilets,Flush each; listen for refill; dye test in tank,Runs on its own or keeps refilling,ORANGE,Replace flapper / fill valve,PL-120,170,200,A running toilet can waste thousands of gallons a year.,Any trained tech
PI-14,Plumbing,Toilets,Rock the toilet gently; look at the base,"Toilet rocks, or water/stain at the base",RED,Reset toilet with new wax ring,Quote,Quote,Quote,A leaking seal rots the subfloor under the toilet.,Any trained tech
PI-15,Plumbing,Toilets,Look at tank and bowl,Crack in tank or bowl,RED,Replace toilet,PL-123,580,680,Cracks can split open and flood the bathroom.,Any trained tech
PI-16,Plumbing,Drains,Fill and drain each sink and tub,One slow drain,ORANGE,Clear drain,PL-110,170,195,Slow drains turn into clogs.,Any trained tech
PI-17,Plumbing,Drains,Same; listen for gurgling; check floor drain,"Several slow drains, gurgling, or sewage smell",RED,Clear main line + camera inspection,PL-111,340,400,Signs of a main line problem — a backup can put sewage in the basement.,Any trained tech
PI-18,Plumbing,Sump pump,Pour water in pit or lift float; watch it run,Pump does not start,RED,Replace sump pump,PL-160,540,630,Without a working pump the basement can flood in the next storm.,Any trained tech
PI-19,Plumbing,Sump pump,Same; read age,"Pump 7+ years old, noisy, or no backup",YELLOW,Replace pump / add battery backup,PL-160,540,630,Pumps usually last 7–10 years; replace before it fails.,Any trained tech
PI-20,Plumbing,Hose bibs,Run each outside faucet,"Leaks, or not frost-free and freezing risk",ORANGE,Replace with frost-free hose bib (before winter),PL-142,315,370,Old outside faucets can freeze and burst inside the wall.,Any trained tech
PI-21,Plumbing,Pipes,Look at exposed pipes in basement/utility areas,"Galvanized or polybutylene pipe, heavy corrosion",YELLOW,Plan repipe,PL-203,9125,9625,This pipe type is past its life; plan a repipe before leaks start.,Any trained tech
PI-22,Plumbing,Garbage disposal,Run it; look underneath,"Leaking from the unit, or jams/hums",ORANGE,Replace disposal,PL-133,405,475,Leaking disposals cannot be repaired.,Any trained tech
EI-01,Electrical,GFCI protection,"Press TEST/RESET on outlets in kitchen, baths, garage, basement, laundry, outside",GFCI does not trip or does not reset,RED,Replace GFCI outlet,EL-111,125,145,"This outlet protects against shock near water, and it is not working.",Any trained tech
EI-02,Electrical,GFCI protection,Same,No GFCI where one is required,ORANGE,Add GFCI outlet,EL-111,125,145,Current code requires shock protection here.,Any trained tech
EI-03,Electrical,Outlets & switches,Plug-in tester in a sample of outlets; look and feel,"Scorch marks, warm outlet/switch, buzzing, or burning smell",RED,Replace device and check circuit,EL-110,90,105,Heat at an outlet is a fire warning sign.,Any trained tech
EI-04,Electrical,Outlets & switches,Same,"Loose outlet (plug falls out), cracked cover, or open ground",ORANGE,Replace outlet,EL-110,90,105,Loose connections can overheat over time.,Any trained tech
EI-05,Electrical,Smoke / CO alarms,Press test on each; read date on back,"Alarm does not sound, or no CO alarm in a home with gas",RED,Replace / add alarm,EL-160,160,185,Alarms are your first warning in a fire or CO leak.,Any trained tech
EI-06,Electrical,Smoke / CO alarms,Same,Alarm 10+ years old,ORANGE,Replace alarm,EL-160,160,185,Sensors wear out after 10 years even if the test button works.,Any trained tech
EI-07,Electrical,Panel,"Remove the panel cover (trained tech, insulated gloves); read panel brand and label","Federal Pacific (Stab-Lok), Zinsco or Challenger panel",ORANGE,Replace panel,EL-143,3265,3765,These panels have a known record of breakers that may not trip.,Any trained tech
EI-08,Electrical,Panel,"Cover off: look at breakers, bus, and wiring; smell; infrared thermometer on breakers","Rust or water in/around panel, buzzing, burning smell, hot breaker",RED,Electrician evaluation today,EL-100,19,119,These are signs of a dangerous connection inside the panel.,Any trained tech
EI-09,Electrical,Panel,"Cover off: connections, double taps, aluminum, breaker condition","Double-tapped breakers, melted insulation, loose lugs",ORANGE,Repair per electrician (quote),Quote,Quote,Quote,Found inside the panel — needs correcting for safety.,Any trained tech
EI-10,Electrical,Service size,Read main breaker size,"100A or less and customer plans EV, heat pump or addition",YELLOW,Service upgrade to 200A,EL-200,4430,4930,Your service may not handle the new load you are planning.,Any trained tech
EI-11,Electrical,Surge protection,Look for whole-house surge device at panel,None installed,YELLOW,Add whole-house surge protector,EL-142,445,520,"Protects the electronics in your HVAC, appliances and TVs.",Any trained tech
EI-12,Electrical,Lighting,Ask the member; flick lights,Lights flicker or dim when appliances start,ORANGE,Electrician diagnostic,EL-100,19,119,Can be a loose connection that needs checking.,Any trained tech
EI-13,Electrical,Meter base & service cable,"Look at meter base, service mast, weatherhead and service entrance cable","Mast leaning, meter base rusted or damaged, cable jacket cracked, water entry at weatherhead",ORANGE,Repair or replace meter base / service entrance cable (utility coordinates disconnect),EL-200,4430,4930,"Damaged service equipment lets water in — a shock and fire risk, and the utility may refuse to reconnect after a storm.",Any trained tech
EI-14,Electrical,Wiring type,Look at exposed wiring in basement/attic,Knob-and-tube or aluminum branch wiring,YELLOW,Electrician evaluation / rewire quote,Quote,Quote,Quote,Older wiring types need an electrician to check they are safe.,Any trained tech
HI-01,HVAC,Filter,Pull the filter,Dirty filter,GREEN,Replace filter today (included),,,,Included in your membership.,Any trained tech
HI-02,HVAC,Carbon monoxide,CO meter near furnace and in living area,Any CO reading above 9 ppm in the living area,RED,"Shut off furnace, open windows, HVAC tech today",HV-100,19,119,Carbon monoxide is dangerous — we must find the source now.,Any trained tech
HI-03,HVAC,Furnace,Watch flame when blower starts; look at heat exchanger area and flue,"Flame rolls or changes when blower starts, rust-through, disconnected flue",RED,Red-tag furnace; HVAC tech evaluation,HV-201,3565,3815,Signs of a cracked heat exchanger or venting problem — a CO risk.,Any trained tech
HI-04,HVAC,Furnace,Read age from label,Furnace 20+ years old,ORANGE,Replace furnace (plan before heating season),HV-201,3565,3815,Past normal life — replacing on your schedule avoids a winter breakdown.,Any trained tech
HI-05,HVAC,Furnace,Same,Furnace 15–20 years old,YELLOW,Budget for replacement,HV-201,3565,3815,Getting near end of life; start planning.,Any trained tech
HI-06,HVAC,Furnace,"HVAC tech: flame sensor microamps, igniter condition",Weak flame signal or cracked igniter,ORANGE,Clean flame sensor / replace igniter,HV-130,200,230,These parts cause no-heat calls on cold nights.,Trade tech
HI-07,HVAC,Condensate,"Look at drain line, pan, float switch","Water in pan, clogged drain, no float switch",ORANGE,Clear condensate line,HV-112,140,160,A clogged drain can overflow and damage ceilings or floors.,Any trained tech
HI-08,HVAC,AC performance,Thermometer at return and supply while cooling,Temperature drop under 14°F or over 22°F,ORANGE,HVAC tech diagnostic (refrigerant/airflow),HV-100,19,119,The system is not cooling efficiently; needs a closer look.,Any trained tech
HI-09,HVAC,AC outdoor unit,"Look at coil, fins, clearance, disconnect","Coil blocked with debris, fins crushed, plants within 2 ft",GREEN,Clean/clear during visit,,,,Keeping the unit clear helps it run efficiently.,Any trained tech
HI-10,HVAC,AC electrical,"HVAC tech: capacitor µF test, contactor look",Capacitor bulging/leaking or out of rating,RED,Replace capacitor,HV-120,180,210,A failing capacitor can leave you with no AC in a heat wave.,Trade tech
HI-11,HVAC,AC electrical,Same,Contactor pitted or burnt,ORANGE,Replace contactor,HV-121,190,220,Worn contacts can damage the compressor.,Trade tech
HI-12,HVAC,AC system,Read label: refrigerant type and age,"R-22 system, or AC 15+ years old",YELLOW,Plan AC / full system replacement,HV-202,10100,10600,R-22 is no longer made — repairs get very expensive.,Any trained tech
HI-13,HVAC,AC system,Same,AC 12–15 years with repairs in the last 2 years,YELLOW,Budget for replacement,HV-200,6985,7235,Near end of life; repair money is better put toward a new unit.,Any trained tech
HI-14,HVAC,Thermostat,Check it holds setpoint; look at type,"Not holding temperature, or old mercury/manual thermostat",YELLOW,Replace thermostat,HV-160,245,285,A programmable thermostat saves on energy bills.,Any trained tech
HI-15,HVAC,Blower,Listen at air handler while running,"Squeal, grinding, or motor very hot",ORANGE,HVAC tech: blower motor check/replace,HV-140,740,865,Motor noise usually means bearings are failing.,Any trained tech
HI-16,HVAC,Ducts,Look at accessible ductwork,"Disconnected or crushed duct, or major gaps",ORANGE,Repair ductwork (quote),Quote,Quote,Quote,You are paying to heat/cool the basement or attic.,Any trained tech
EI-15,Electrical,Meter base & service cable,Same,"Service entrance cable original to a pre-1980 home, or undersized for a planned upgrade",YELLOW,Plan service upgrade with new service cable,EL-200,4430,4930,Old service cable is a common failure point; replacing it with an upgrade avoids an emergency.,Any trained tech
