HOW TO ADD OR CHANGE ITEMS IN THE MVP PRICE LIST,,
The app reads the first tab (the price list) about every 10 minutes and checks it before using it. This tab is just instructions — the app ignores it.,,
,,
ADD A NEW ITEM,,
Step 1,Go to the price list tab and add a new row at the bottom.,
Step 2,Fill in every column (see the table below). Don't leave a price empty.,
Step 3,"Wait up to 10 minutes, or in the app go to Office → Price list → Sync now.",
Step 4,Check the message in Office → Price list: ✓ means it's live. A red box tells you which row to fix — until then the app keeps the old prices.,
,,
COLUMN,WHAT TO PUT,EXAMPLE
code,"A new code nobody else uses. Start with the trade: EL- (electrical), HV- (heating & cooling), PL- (plumbing), then a number.",HV-142
trade,"Exactly one of: Electrical, HVAC, Plumbing",HVAC
category,"A group name. Techs see items grouped by it (Panel, Drains, Motors, Replacement…).",Motors
task,"What the job is, in plain words. Customers see this on estimates.",Replace ECM blower motor
est_hours,Estimated hours (for reference only).,3
standard_price,Price for non-members. Numbers only — no $ needed.,1450
member_price,Price for members. Can't be higher than standard_price. Put 0 if the membership includes it.,1235
rate_type,Service = repairs and small jobs. Install = replacements and new installs.,Service
credit_tier,"Leave EMPTY for repairs. For replacements: Small ($100), Medium ($250) or Large ($500) member credit.",(empty)
notes,Optional. Internal note shown to techs.,ECM motors only
,,
CHANGE A PRICE,Just edit the number in the cell. Reports and estimates already sent to customers keep the old price.,
REMOVE AN ITEM,Delete its row. The app won't allow removing an item that the check-up guide or the service call still uses — it will say which one.,
,,
RULES,,
,"Don't change, move or rename the first row of the price list (the column names).",
,Don't rename or move the price list tab. Keep it as the FIRST tab.,
,Each code only once. Don't reuse a code from a deleted item for something different.,
,"EL-100, HV-100 and PL-100 are the service calls ($19 members / $119 non-members). Don't delete them.",
,Service calls: the $119 is never credited toward the repair. Joining the club is the only way to get $19.,
,,
WHERE NEW ITEMS SHOW UP,,
Service-call estimates,Right away — techs find it under “+ Add items from the price book”.,
Check-ups,Only when a check-up finding points to its code. Ask to add or change a finding in the Inspection Guide.,
,,
WHO CAN EDIT,"Editors: owner and office. Trades: Viewer or Commenter (they see prices, suggest changes with comments).",
HISTORY,"Every change the app publishes is listed in Office → Price list → History (what changed, when, by whom).",
